source_filename,published_path,bytes,sha256,git_blob_sha1,operation
IMG_7031.jpeg,images/2026-09-12_precision-does-not-infer-it-traces.jpeg,757910,f28fafc79e934c14f28a6076d30883f2ba6eee58177ee96d39a676dfd8b3e352,a7f32bfefb6d08609e3935a1335ff00329cc4f5f,byte_identical_copy
IMG_7030.jpeg,images/2026-09-12_deterministic-news-update.jpeg,478799,a6c0ae113217ecc070dd29d592a867346418cb4d2f3c66bc8bcf6673a7da4e15,953f853bb8c5aff210437b1dfd725e3b3f5c4374,byte_identical_copy
IMG_7029.jpeg,images/2026-09-12_sins-of-the-probabilistic-token_and-di-shield.jpeg,649061,f5cf272fa6de112c2bd1ec7f0d5a77635d5f3b588d6400c7d1e2664d70c179ef,244f0956c75aaa3133d156a561aecc2c80fac8db,byte_identical_copy
IMG_7028.jpeg,images/2026-09-12_grounded-di-os_autonomous-replay-demo_export-refusal.jpeg,742897,ee41b81e7edf1e3992b90bc01e0c15a69160935ab48080b461d0cc6f0417634c,ca7213fe98bc2cf288b0c45b12e1e541b9e882d1,byte_identical_copy
IMG_7027.jpeg,images/2026-09-12_legal-workflow_audit-commentary.jpeg,694802,20803d2b204a5a211f957c98c01f95ffdc86ffc50e5415cc6c438e047941fea3,f8df32f51c383c339e594312dd733917786f0f2f,byte_identical_copy
IMG_7026.jpeg,images/2026-09-12_ai-safety_engineering-not-revenue.jpeg,346373,014a119c41108aad021d91a0279d1d5848701f332891ff69aae529295a10782,9dabbbcfce99a2e420aa596d61a23727ed3edad3,byte_identical_copy
IMG_7025.jpeg,images/2026-09-12_grounded-di_public-evidence-and-harvey-audit.jpeg,415379,283663bd8511b72c1697b347a75fcdf671a1bd9fefa3be805d0c24d4da005964,2c93e4eda71a4345839f4f735c1e28e8ac41e52f,byte_identical_copy
IMG_7023.jpeg,images/2026-09-12_observe-authorize-execute_shieldbot.jpeg,685148,7e3d27fcb4c11be362ac1e4d00a4597f9e4a42dc1a9cbd82921dbdb14b6cbffd,bc55e6236ea00252ccdbc0cd598b025b40720dd0,byte_identical_copy
IMG_7022.jpeg,images/2026-09-12_shoppingwise_deterministic-product-evaluations.jpeg,875606,166725a64945bf1eb662b4b27e2024a81b780e49911754a05aaeeb3d277da585,b1aaaacbf198e5d909d8b07b36a4a70f055692a9,byte_identical_copy
